A,#tau_{PVT},B,#tau_{Al},C
1.000000,0.006113,-0.836978,0.002166,-0.691124
0.006113,1.000000,-0.002865,0.000002,0.002753
-0.836978,-0.002865,1.000000,0.003027,0.498805
0.002166,0.000002,0.003027,1.000000,-0.000968
-0.691124,0.002753,0.498805,-0.000968,1.000000
