A,#tau_{PVT},B,#tau_{Al},C
1.000000,-0.989401,-0.984766,0.010887,0.918739
-0.989401,1.000000,0.959744,-0.009052,-0.959375
-0.984766,0.959744,1.000000,-0.004586,-0.875863
0.010887,-0.009052,-0.004586,1.000000,0.006970
0.918739,-0.959375,-0.875863,0.006970,1.000000
